{
  "token_acc":1.0,
  "token_p":1.0,
  "token_r":1.0,
  "token_f":1.0,
  "ents_p":0.9022905457,
  "ents_r":0.8835199904,
  "ents_f":0.8928066199,
  "ents_per_type":{
    "ORG":{
      "p":0.7684667908,
      "r":0.77375,
      "f":0.771099346
    },
    "OTHER_PERSON":{
      "p":0.893537415,
      "r":0.8971994536,
      "f":0.8953646898
    },
    "WITNESS":{
      "p":0.9286486486,
      "r":0.9148029819,
      "f":0.9216738197
    },
    "GPE":{
      "p":0.8744186047,
      "r":0.8329113924,
      "f":0.8531604538
    },
    "STATUTE":{
      "p":0.9490010515,
      "r":0.8909180652,
      "f":0.9190427699
    },
    "DATE":{
      "p":0.9739685658,
      "r":0.9424904943,
      "f":0.9579710145
    },
    "PROVISION":{
      "p":0.9596899225,
      "r":0.9371688115,
      "f":0.9482956722
    },
    "COURT":{
      "p":0.9517214088,
      "r":0.9031167856,
      "f":0.9267822736
    },
    "PRECEDENT":{
      "p":0.8258345428,
      "r":0.7447643979,
      "f":0.7832071576
    },
    "CASE_NUMBER":{
      "p":0.8091809181,
      "r":0.774332472,
      "f":0.7913732394
    },
    "PETITIONER":{
      "p":0.9001751313,
      "r":0.7837755413,
      "f":0.8379523965
    },
    "LAWYER":{
      "p":0.9579586877,
      "r":0.9628724963,
      "f":0.9604093069
    },
    "JUDGE":{
      "p":0.9617860016,
      "r":0.9567827131,
      "f":0.9592778335
    },
    "RESPONDENT":{
      "p":0.8120333773,
      "r":0.886173017,
      "f":0.8474848172
    }
  },
  "speed":28232.2772347926
}