{
  "lang":"en",
  "name":"pipeline",
  "version":"0.0.0",
  "spacy_version":">=3.4.3,<3.5.0",
  "description":"",
  "author":"",
  "email":"",
  "url":"",
  "license":"",
  "spacy_git_version":"Unknown",
  "vectors":{
    "width":0,
    "vectors":0,
    "keys":0,
    "name":null,
    "mode":"default"
  },
  "labels":{
    "tok2vec":[

    ],
    "ner":[
      "CASE_NUMBER",
      "COURT",
      "DATE",
      "GPE",
      "JUDGE",
      "LAWYER",
      "ORG",
      "OTHER_PERSON",
      "PETITIONER",
      "PRECEDENT",
      "PROVISION",
      "RESPONDENT",
      "STATUTE",
      "WITNESS"
    ]
  },
  "pipeline":[
    "tok2vec",
    "ner"
  ],
  "components":[
    "tok2vec",
    "ner"
  ],
  "disabled":[

  ],
  "performance":{
    "ents_f":0.8875274845,
    "ents_p":0.8927570488,
    "ents_r":0.8823588306,
    "ents_per_type":{
      "ORG":{
        "p":0.8002803083,
        "r":0.7925052047,
        "f":0.7963737796
      },
      "OTHER_PERSON":{
        "p":0.8876743309,
        "r":0.8876743309,
        "f":0.8876743309
      },
      "WITNESS":{
        "p":0.9051428571,
        "r":0.8989784336,
        "f":0.9020501139
      },
      "GPE":{
        "p":0.9396258503,
        "r":0.7904148784,
        "f":0.8585858586
      },
      "STATUTE":{
        "p":0.8660760813,
        "r":0.921286031,
        "f":0.8928283642
      },
      "DATE":{
        "p":0.959375,
        "r":0.9771883289,
        "f":0.9681997372
      },
      "PROVISION":{
        "p":0.9628830384,
        "r":0.9358221477,
        "f":0.9491597532
      },
      "COURT":{
        "p":0.9225560728,
        "r":0.9209970427,
        "f":0.9217758985
      },
      "PRECEDENT":{
        "p":0.8407750632,
        "r":0.7387120651,
        "f":0.7864460205
      },
      "RESPONDENT":{
        "p":0.7581211589,
        "r":0.8943552563,
        "f":0.8206224756
      },
      "CASE_NUMBER":{
        "p":0.843897824,
        "r":0.8576923077,
        "f":0.8507391512
      },
      "PETITIONER":{
        "p":0.9143692565,
        "r":0.713494133,
        "f":0.8015378982
      },
      "JUDGE":{
        "p":0.9726027397,
        "r":0.9466666667,
        "f":0.9594594595
      },
      "LAWYER":{
        "p":0.9680729761,
        "r":0.9689015692,
        "f":0.9684870954
      }
    },
    "tok2vec_loss":7877.5349806252,
    "ner_loss":2805.3570714578
  }
}