{
  "lang":"en",
  "name":"pipeline",
  "version":"0.0.0",
  "spacy_version":">=3.4.3,<3.5.0",
  "description":"",
  "author":"",
  "email":"",
  "url":"",
  "license":"",
  "spacy_git_version":"Unknown",
  "vectors":{
    "width":0,
    "vectors":0,
    "keys":0,
    "name":null,
    "mode":"default"
  },
  "labels":{
    "tok2vec":[

    ],
    "ner":[
      "CASE_NUMBER",
      "COURT",
      "DATE",
      "GPE",
      "JUDGE",
      "LAWYER",
      "ORG",
      "OTHER_PERSON",
      "PETITIONER",
      "PRECEDENT",
      "PROVISION",
      "RESPONDENT",
      "STATUTE",
      "WITNESS"
    ]
  },
  "pipeline":[
    "tok2vec",
    "ner"
  ],
  "components":[
    "tok2vec",
    "ner"
  ],
  "disabled":[

  ],
  "performance":{
    "ents_f":0.8924451311,
    "ents_p":0.8981309359,
    "ents_r":0.8868308637,
    "ents_per_type":{
      "ORG":{
        "p":0.8125874126,
        "r":0.8063844552,
        "f":0.8094740509
      },
      "OTHER_PERSON":{
        "p":0.8703703704,
        "r":0.9035054655,
        "f":0.8866284446
      },
      "WITNESS":{
        "p":0.9453125,
        "r":0.8240635641,
        "f":0.8805336568
      },
      "GPE":{
        "p":0.9303482587,
        "r":0.8025751073,
        "f":0.8617511521
      },
      "STATUTE":{
        "p":0.9,
        "r":0.9329268293,
        "f":0.9161676647
      },
      "DATE":{
        "p":0.9728867624,
        "r":0.9708222812,
        "f":0.9718534254
      },
      "PROVISION":{
        "p":0.9547738693,
        "r":0.9563758389,
        "f":0.9555741827
      },
      "COURT":{
        "p":0.9460654288,
        "r":0.9040980144,
        "f":0.9246057464
      },
      "PRECEDENT":{
        "p":0.8365465214,
        "r":0.7387120651,
        "f":0.784591195
      },
      "CASE_NUMBER":{
        "p":0.8424015009,
        "r":0.8634615385,
        "f":0.8528015195
      },
      "PETITIONER":{
        "p":0.7941619019,
        "r":0.8601694915,
        "f":0.8258488499
      },
      "RESPONDENT":{
        "p":0.8739930955,
        "r":0.7866390471,
        "f":0.8280185337
      },
      "JUDGE":{
        "p":0.9454240134,
        "r":0.9686021505,
        "f":0.9568727427
      },
      "LAWYER":{
        "p":0.9498327759,
        "r":0.9723252496,
        "f":0.9609474129
      }
    },
    "tok2vec_loss":6552.0329021626,
    "ner_loss":2862.4122651642
  }
}